CREATE DATABASE SESHADRI;

USE SESHADRI;

CREATE TABLE STUDENT
(
ID  INT,
NAME VARCHAR(50),
CLASS  INT,
GENDER VARCHAR(50),
MARKS  INT
);

 SP_RENAME 'STUDENT','KK'

  SP_RENAME 'KK','STUDENT'

SELECT * FROM STUDENT

INSERT INTO STUDENT VALUES(1,'seshadri',3,'male',75)
INSERT INTO STUDENT VALUES(2,'person1',7,'female',70)
INSERT INTO STUDENT VALUES(3,'person2',10,'female',60)
INSERT INTO STUDENT VALUES(4,'person3',8,'male',90)
INSERT INTO STUDENT VALUES(5,'person4',12,'male',85)





--table2

CREATE TABLE simpledata (
    first_name VARCHAR(50), 
    last_name VARCHAR(50),
    date_of_birth DATE ,
    gender CHAR(1)
    grade_level INT,
    email VARCHAR(100) UNIQUE,
);
SELECT * FROM simpledata

INSERT INTO simpledata  VALUES('SESHADRI', 'R', '2005-04-22', 'M', 10, 'SESHADRI.R@example.com')
INSERT INTO simpledata  VALUES('PERSON1', 'Smith', '2006-09-15', 'F', 9, 'PERSON1.smith@example.com')
INSERT INTO simpledata  VALUES('DHONI', 'MS', '2005-02-10', 'M', 10, 'DHONI.MS@example.com')
INSERT INTO simpledata  VALUES('VIRAT', 'KOHLI', '2007-07-30', 'F', 8, 'VIRAT.KOHLI@example.com')

--TABLE 3

CREATE TABLE PRODUCTS
(
LABLE INT,
PRODUCT_NAME VARCHAR(50),
CATEGORY VARCHAR(50),
RELEASE_DATE DATE,
PRICE BIGINT
);

SELECT * FROM PRODUCTS

INSERT INTO PRODUCTS VALUES(1, '3DTV', 'electronics','2024-6-25',20000)
INSERT INTO PRODUCTS VALUES(2, 'video games', 'game','2024-6-25',10000)
INSERT INTO PRODUCTS VALUES(3, 'chocolates', 'food','2024-6-25',510)
INSERT INTO PRODUCTS VALUES(4, 'Beds', 'furniture','2024-6-25',1500)
INSERT INTO PRODUCTS VALUES(5, 'cocacola', 'Drinks','2024-6-25',100)
INSERT INTO PRODUCTS VALUES(6, 'Fridge', 'electronics','2024-6-25',20000)

ALTER TABLE PRODUCTS ADD  QUANTITY INT;
ALTER TABLE PRODUCTS ADD  RATING INT;

ALTER TABLE PRODUCTS DROP COLUMN RATING;

CREATE TABLE CRICKET (
NAME VARCHAR(30),
SCORE INT,
FOURS INT,
SIX  INT
);

SELECT * FROM CRICKET

INSERT INTO CRICKET VALUES('SHARMA' ,92,7,8),('KOHKI',0,0,0),('PANT',15,1,1),('S YADAV',31,3,2),('S DUBE',28,2,1)



--ALL COMMANDS

CREATE TABLE COMMANDS(
NAME VARCHAR(30),
SCORE INT,
FOURS INT,
SIX  INT,
);

SELECT * FROM COMMANDS

INSERT INTO COMMANDS VALUES('SHARMA' ,92,7,8),('KOHKI',0,0,0),('PANT',15,1,1),('S YADAV',31,3,2),('S DUBE',28,2,1),('NNNN',15,1,1),('1234',31,3,2),('VVVV',28,2,1)
INSERT INTO COMMANDS(NAME,FOURS) VALUES ('SESH',3)


SP_RENAME 'COMMANDS.SIX','SIXES'    -- IT IS CHANGE THE COLUMNS NAMES

 ALTER DATABASE SESH
 MODIFY NAME ="SESHADRI"     --SOME TIMES WE USE THE DOUBLE QUATATIONS
 
 DROP TABLE COMMANDS                      -- IT IS DROP THE ENTIRE TABLE
 

 ALTER TABLE COMMANDS                        -- IT IS DELETE ENTIRE COLUMN WHAT WE MENTION THE NAME
 DROP COLUMN FOURS                      


 ALTER TABLE COMMANDS                     -- IT IS ADD THE COLUMNS
 ADD FOUR BIGINT

  ALTER TABLE COMMANDS                
  ALTER COLUMN FOUR VARCHAR(100)              -- IT IS CHANGE THE DATA TYPE IN THE COLUMNS
 
 DELETE FROM COMMANDS WHERE NAME='SESH'      -- IT IS DELETE ENTIRE SESH ROW


 
 DELETE FROM COMMANDS WHERE SIXES=8       -- IT IS DELETE ENTIRE ROW WHAT WE MENTION THE NAME
 



 CREATE TABLE COMMAND(
NAME VARCHAR(30),
SCORE INT,
FOURS INT,
SIX  INT,
);
SELECT * FROM COMMAND

INSERT INTO COMMAND VALUES('SHARMA' ,92,7,8),('KOHKI',0,0,0),('PANT',15,1,1),('S YADAV',31,3,2),('S DUBE',28,2,1),('NNNN',15,1,1)
INSERT INTO COMMAND VALUES('SHARM' ,92,7,8),
INSERT INTO COMMAND VALUES('RRRR' ,92,7,8)
insert into command values('kkkk',98,9,9)

 UPDATE COMMAND
 SET SCORE=99                   --IT IS SET THE SCORE FROM SHARMA ROW
 WHERE NAME='SHARM'
  

  UPDATE COMMAND
 SET SIX=100                      --IT IS UPDATE data which we want 
 WHERE NAME='NNNN'             -- it  is set at we give name or numbers and also we mention the column names


 update command                 -- IT IS UPDATE OR REPLACE THE NAME OR NUMBERS
 set name='vvvv'                  -- IN 's dube' replace or  change name 'vvvv'
 where name='s dube'


  update command
 set fours=''               -- it is if we do not mention anithing the value take at ' 0 or empty'
 where name='kkkk'

   update command
 set name=''                 -- it is become empty space at 'kkkk name'
 where name='kkkk'

    update command
 set name='kkkk'             -- it is full fill the empty space
 where name=''

 update command
 set FOURS=9            
 where name='RRRR'


   -- SCHEMA

 CREATE TABLE WONDER(
NAME VARCHAR(30),
SCORE INT,
FOURS INT,
SIX  INT,
);

SELECT * FROM WONDER

 
CREATE SCHEMA ADHARSH
CREATE TABLE SESHADRI.ADHARSH.SSSS(                  -- FIRST WE CREATE THE SCHEMA AFTER ACEESS THE TABLE
NAME VARCHAR(30),
SCORE INT,
FOURS INT,
SIX  INT,
);



SELECT * FROM ADHARSH.SSSS

DROP TABLE ADHARSH.SSSS                             --IT IS DROP THE ENTIRE TABLE 

INSERT INTO ADHARSH.SSSS VALUES('SHARMA' ,92,7,8),('KOHKI',0,0,0)     -- IT IS TAKES SCHEMA NAME AND TABLE NAME

CREATE SCHEMA VVVV
CREATE TABLE SESHADRI.VVVV.STUDENT
(
ID  INT,
NAME VARCHAR(50),
CLASS  INT,
GENDER VARCHAR(50),
MARKS  INT
);
-----IDENTITY PROPERTY

CREATE TABLE S1234
(
ID  INT IDENTITY(1,1),
NAME VARCHAR(50),
CLASS  INT,
GENDER VARCHAR(50),
MARKS  INT
);
SELECT * FROM S1234
 
DELETE  FROM S1234


INSERT INTO S1234 VALUES('seshadri',3,'male',75)
INSERT INTO S1234 VALUES('person1',7,'female',70)
INSERT INTO S1234 VALUES('person2',10,'female',60)
INSERT INTO S1234 VALUES('person3',20,'male',90)

--- TRUNCATE THE TABLE
CREATE TABLE S123
(
ID  INT IDENTITY(1,1),
NAME VARCHAR(50),
CLASS  INT,
GENDER VARCHAR(50),
MARKS  INT                        --TRUNCATE IS  DELETE THE TABLE DATA ONLY NOT TABLE COLUMNS
);                                -- AND WE USING INDENTITY THE TRUNCATE DATA START WITH FIRST
SELECT * FROM S123


INSERT INTO S123 VALUES('seshadri',3,'male',75)
INSERT INTO S123 VALUES('person1',7,'female',70)
INSERT INTO S123 VALUES('person2',10,'female',60)
INSERT INTO S123 VALUES('person3',20,'male',90)

TRUNCATE TABLE S123


-- USING DELETE IN INDENTITY

CREATE TABLE S12
(
ID  INT IDENTITY(1,1),
NAME VARCHAR(50),
CLASS  INT,
GENDER VARCHAR(50),
MARKS  INT                        --IT IS  DELETE THE TABLE ROWS
);                                -- AND WE USING INDENTITY THE DELETE DATA START WITH CONTINUOSE NUMBERS
SELECT * FROM S12


INSERT INTO S12 VALUES('seshadri',3,'male',75)
INSERT INTO S12 VALUES('person1',7,'female',70)
INSERT INTO S12 VALUES('person2',10,'female',60)
INSERT INTO S12 VALUES('person3',20,'male',90)
INSERT INTO S12 VALUES('NULL',NULL,'male',90)

DELETE FROM S12 WHERE ID=4

                                          -- CONSTRAINTS



-- 1 DOMAIN TYPE CONSTRAINTS
        --1 NOT NULL
--CASE1

CREATE TABLE BOTTLE(
ID INT,
NAME VARCHAR(19), 
NAMES CHAR(20) NOT NULL                -- it is working at a you mention "NOT NULL" at in table column in that 
)                                       --column does not take a data

SELECT * FROM BOTTLE

INSERT INTO BOTTLE VALUES(NULL,'SDVDV','NULL')
INSERT INTO BOTTLE VALUES(NULL,'SDVDV','FRGVV')
INSERT INTO BOTTLE VALUES(NULL,'SDVDV','FRGVV')
INSERT INTO BOTTLE VALUES(NULL,'SDVDV','FRGVV')
INSERT INTO BOTTLE VALUES(123,'SDVD','NULL')


drop table bottle                 -- IT IS NORMAL TYPE TO DROP THE TABLE


CREATE TABLE BOTTLE(
ID INT NOT NULL,
NAME VARCHAR(19), 
NAMES CHAR(20) 
)
SELECT * FROM BOTTLE

INSERT INTO BOTTLE VALUES(NULL,'SDVDV','NULL')
INSERT INTO BOTTLE VALUES(NULL,'SDVDV','FRGVV')       -- THE OVERAL DATA NOTB EXIST 
INSERT INTO BOTTLE VALUES(NULL,'SDVDV','FRGVV')

DROP TABLE IF EXISTS BOTTLE                        -- IT IS ANOTHER WAY TO DROP THE TABLE


-- CASE2 FOR AN EXISTING TABLE WITHOUT DATA

CREATE TABLE BOT(
ID INT ,
NAME VARCHAR(19), 
NAMES CHAR(20) 
)

SELECT * FROM BOT

ALTER TABLE BOT
ALTER COLUMN ID INT NOT NULL               -- IT IS ALTER THE TABLE COLUMN NOT NULL



-- CASE3 FOR AN EXISTING TABLE WHICH IS SOME DATA

CREATE TABLE BOTT(
ID INT ,
NAME VARCHAR(19), 
NAMES CHAR(20) ,
COST  FLOAT
)

SELECT * FROM BOTT


INSERT INTO BOTT VALUES(1,'SES','NULL',1)
INSERT INTO BOTT VALUES(1,'SESHADRI','NULL',1)
INSERT INTO BOTT VALUES(2,'SDVDV','FRGVV',NULL)       
INSERT INTO BOTT VALUES(3,'SVDV','FRGVV',1234567)
INSERT INTO BOTT VALUES(NULL,'SDV','FVV',12)           -- THIS ROW DOES NOT EXIST REMAINING ALL EXISTS
INSERT INTO BOTT VALUES(3,'SD','FRGV',123)
INSERT INTO BOTT VALUES(3,'SD',NULL,123)


ALTER TABLE BOTT                                  --IT IS CREATE A CONTAINTS
ALTER COLUMN ID INT NOT NULL 

ALTER TABLE BOTT                                --IT IS REMAOVE  A CONTAINTS
ALTER COLUMN ID INT

DELETE FROM BOTT WHERE ID=2

DELETE FROM BOTT WHERE cost=123     
 
delete from bott where name='ses'


CREATE TABLE BO(
ID INT ,
NAME VARCHAR(19), 
NAMES CHAR(20) ,
COST  FLOAT
)

SELECT * FROM BO

DELETE FROM BO


-- 2 CHECK CONSTRAINT
-- CASE1

CREATE TABLE DIF(
ID INT NOT NULL,
NAME VARCHAR(19), 
NAMES CHAR(20) ,
COST  FLOAT   CHECK(COST >=10 AND COST <=100)       -- HERE CHECK CONSTRAINT IS DEFAULT
)
SELECT * FROM DIF

INSERT INTO DIF VALUES(1,'SD','FRGV',123)          --THIS ROW NOT EXIST BECOUSE COST VALUE MORE THAN THE GIVE COST VALUE
INSERT INTO DIF VALUES(2,'SD',NULL,12)
INSERT INTO DIF VALUES(3,'SD','SESHADRI',76)
INSERT INTO DIF VALUES(NULL,'SD','KARTHIK',1634)   --THIS ROW NOT EXIST BECOUSE COST VALUE MORE THAN THE GIVE COST VALUE 
                                                       --AND THERE IS NULL ALSO
INSERT INTO DIF VALUES(NULL,'SD','KARTHIK',16)
INSERT INTO DIF VALUES(4,'SD','KARTHIK',34)



-- CASE2 FOR AN EXISTING TABLE WITHOUT DATA
-- CASE3 FOR AN EXISTING TABLE WHICH IS SOME DATA

CREATE TABLE DIFI(
ID INT NOT NULL,
NAME VARCHAR(19), 
NAMES CHAR(20) ,
COST  FLOAT                              -- HERE CHECK CONSTRAINT IS CREATE YOUR SELF
)
SELECT * FROM DIFI
  
ALTER TABLE DIFI
ADD CONSTRAINT CK_DIFI_COST                -- HERE CHECK CONSTRAINT IS CREATE YOUR SELF
CHECK(COST >=1 AND COST <=1000)

INSERT INTO DIFI VALUES(1,'SD','FRGV',123)          
INSERT INTO DIFI VALUES(2,'SD',NULL,12)
INSERT INTO DIFI VALUES(3,'SD','SESHADRI',76)
INSERT INTO DIFI VALUES(NULL,'SD','KARTHIK',1634)   
INSERT INTO DIFI VALUES(NULL,'SD','KARTHIK',1634)
INSERT INTO DIFI VALUES(4,'SD','KARTHIK',34)



CREATE TABLE DIFIC(
ID INT NOT NULL,
NAME VARCHAR(19), 
NAMES CHAR(20) ,
COST  FLOAT                              
)

SELECT * FROM DIFIC

ALTER TABLE DIFIC
ADD CONSTRAINT CK_DIFIC_COST                -- HERE CHECK CONSTRAINT IS CREATE YOUR SELF
CHECK(COST >=1 AND COST <=1000)


ALTER TABLE DIFIC
DROP CONSTRAINT CK_DIFIC_COST              -- IT IS DELETE OR DROP THE CONSTRAINT

ALTER TABLE DIFIC
ADD SESHADRI VARCHAR(100);                     -- IT IS ADD THE COLUMN AT EXISTING TABLE

ALTER TABLE DIFIC
DROP COLUMN SESHADRI   

ALTER TABLE DIFIC
 RENAME COLUMN SESHADRI TO VVVV               -- IT IS NOT WORKING

 SP_RENAME 'DIFIC.COST','VVVV'

 SP_RENAME 'DIFIC.VVVV','COST'                --   IT IS CHANGE THE COLUMN NAME
 
SP_RENAME 'DIFIC.SESHADRI','VVVV' 


CREATE SCHEMA VVV

CREATE TABLE VVV.NNN(

FGDGDG INT
);



CREATE TABLE ASTA
(
ID  INT IDENTITY(1,3),
NAME VARCHAR(50),
CLASS  INT,
GENDER VARCHAR(50),
MARKS  INT
);
SELECT * FROM ASTA
 
DELETE  FROM ASTA


INSERT INTO ASTA VALUES('seshadri',3,'male',75)
INSERT INTO ASTA VALUES('person1',7,'female',70)
INSERT INTO ASTA VALUES('person2',10,'female',60)
INSERT INTO ASTA VALUES('person3',20,'male',90)


CREATE TABLE AST
(
ID  INT IDENTITY(1,3),
NAME VARCHAR(50),
CLASS  INT,
GENDER VARCHAR(50),
MARKS  INT
);
SELECT * FROM AST
 
DELETE  FROM AST


INSERT INTO AST VALUES('seshadri',3,'male',75)
INSERT INTO AST VALUES('person1',7,'female',70)
INSERT INTO AST VALUES('person2',10,'female',60)
INSERT INTO AST VALUES('person3',20,'male',90)


ALTER TABLE AST
ADD  ID INT IDENTITY(1,1);        -- IT IS NOT WORKING
 
 ALTER TABLE AST
SP_RENAME 'AST.ID','ID IDENTITY(1,1);'